X,Y,OBJECTID,source,ext_id,cat1,cat2,cat3,org_name,Name,addrln1,addrln2,city,state,hours,phones,email,url,info1,info2,post_id,description,zip,link,use_type,latitude,longitude,date_updated,dis_status,POINT_X,POINT_Y
-118.19293315576,33.7680758276213,72713,Metropolitan Transportation Authority (MTA),,Transportation,Metro Stations,,,Downtown Long Beach Station,,,,,,,,,,,3306127,Blue Line,,,publish,33.76807583,-118.19293316,2023/04/04 16:19:54+00,,33.76807583,-118.19293316
-118.193712156002,33.772262827857,72714,Metropolitan Transportation Authority (MTA),,Transportation,Metro Stations,,,Pacific Ave Station,,,,,,,,,,,3306128,Blue Line,,,publish,33.77226283,-118.19371216,2023/04/04 16:19:54+00,,33.77226283,-118.19371216
-118.189396156754,33.7818348285937,72715,Metropolitan Transportation Authority (MTA),,Transportation,Metro Stations,,,Anaheim Street Station,,,,,,,,,,,3306129,Blue Line,,,publish,33.78183483,-118.18939616,2023/04/04 16:19:54+00,,33.78183483,-118.18939616
-118.189394156675,33.7890948299426,72716,Metropolitan Transportation Authority (MTA),,Transportation,Metro Stations,,,Pacific Coast Hwy Station,,,,,,,,,,,3306130,Blue Line,,,publish,33.78909483,-118.18939416,2023/04/04 16:19:54+00,,33.78909483,-118.18939416
-118.18984615794,33.807083831815,72717,Metropolitan Transportation Authority (MTA),,Transportation,Metro Stations,,,Willow Street Station,,,,,,,,,,,3306131,Blue Line,,,publish,33.80708383,-118.18984616,2023/04/04 16:19:54+00,,33.80708383,-118.18984616
-118.196102160231,33.8198698333397,72718,Metropolitan Transportation Authority (MTA),,Transportation,Metro Stations,,,Wardlow Station,,,,,,,,,,,3306132,Blue Line,,,publish,33.81986983,-118.19610216,2023/04/04 16:19:54+00,,33.81986983,-118.19610216
-118.211029165726,33.8482268351711,72719,Metropolitan Transportation Authority (MTA),,Transportation,Metro Stations,,,Del Amo Station,,,,,,,,,,,3306133,Blue Line,,,publish,33.84822684,-118.21102917,2023/04/04 16:19:54+00,,33.84822684,-118.21102917
-118.222515169194,33.8760868374796,72720,Metropolitan Transportation Authority (MTA),,Transportation,Metro Stations,,,Artesia Station,,,,,,,,,,,3306134,Blue Line,,,publish,33.87608684,-118.22251517,2023/04/04 16:19:54+00,,33.87608684,-118.22251517
-118.224261171089,33.8974948400564,72721,Metropolitan Transportation Authority (MTA),,Transportation,Metro Stations,,,Compton Station,,,,,,,,,,,3306135,Blue Line,,,publish,33.89749484,-118.22426117,2023/04/04 16:19:54+00,,33.89749484,-118.22426117
-118.237567176566,33.9280528428616,72722,Metropolitan Transportation Authority (MTA),,Transportation,Metro Stations,,,Willowbrook - Rosa Parks Station,,,,,,,,,,,3306136,Blue Line,,,publish,33.92805284,-118.23756718,2023/04/04 16:19:54+00,,33.92805284,-118.23756718
-118.243171178417,33.9422248436541,72723,Metropolitan Transportation Authority (MTA),,Transportation,Metro Stations,,,103rd Street / Watts Towers  Station,,,,,,,,,,,3306137,Blue Line,,,publish,33.94222484,-118.24317118,2023/04/04 16:19:54+00,,33.94222484,-118.24317118
-118.243217180062,33.9596158458271,72724,Metropolitan Transportation Authority (MTA),,Transportation,Metro Stations,,,Firestone Station,,,,,,,,,,,3306138,Blue Line,,,publish,33.95961585,-118.24321718,2023/04/04 16:19:54+00,,33.95961585,-118.24321718
-118.243283180817,33.9737448469411,72725,Metropolitan Transportation Authority (MTA),,Transportation,Metro Stations,,,Florence Station,,,,,,,,,,,3306139,Blue Line,,,publish,33.97374485,-118.24328318,2023/04/04 16:19:54+00,,33.97374485,-118.24328318
-118.243410182311,33.9887648488939,72726,Metropolitan Transportation Authority (MTA),,Transportation,Metro Stations,,,Slauson Station,,,,,,,,,,,3306140,Blue Line,,,publish,33.98876485,-118.24341018,2023/04/04 16:19:54+00,,33.98876485,-118.24341018
-118.243315183604,34.0029248507679,72727,Metropolitan Transportation Authority (MTA),,Transportation,Metro Stations,,,Vernon Station,,,,,,,,,,,3306141,Blue Line,,,publish,34.00292485,-118.24331518,2023/04/04 16:19:54+00,,34.00292485,-118.24331518
-118.243096184616,34.0196548520833,72728,HSIP Freedom USPS_Mail_Collection_Boxes,2,Transportation,Metro Stations,,US Postal Service (USPS),Washington Station,1355 N Mentorave,,Pasadena,CA,,,,,,,3306142,Blue Line,91104,,publish,34.01965485,-118.24309618,2023/04/04 16:19:54+00,,34.01965485,-118.24309618
-118.255517187543,34.0268118527971,72729,Metropolitan Transportation Authority (MTA),,Transportation,Metro Stations,,,San Pedro Street Station,,,,,,,,,,,3306143,Blue Line,,,publish,34.02681185,-118.25551719,2023/04/04 16:19:54+00,,34.02681185,-118.25551719
-118.269345190159,34.0331598523506,72730,Metropolitan Transportation Authority (MTA),,Transportation,Metro Stations,,,Grand / LATTC Station,,,,,,,,,,,3306144,Blue Line,,,publish,34.03315985,-118.26934519,2023/04/04 16:19:54+00,,34.03315985,-118.26934519
-118.266130190276,34.0407398538259,72731,Metropolitan Transportation Authority (MTA),,Transportation,Metro Stations,,,Pico Station,,,,,,,,,,,3306145,Blue/EXPO Line,,,publish,34.04073985,-118.26613019,2023/04/04 16:19:54+00,,34.04073985,-118.26613019
-118.258834189073,34.0486148550037,72732,Metropolitan Transportation Authority (MTA),,Transportation,Metro Stations,,,7th St / Metro Center Station,,,,,,,,,,,3306146,Blue/EXPO Line,,,publish,34.04861486,-118.25883419,2023/04/04 16:19:54+00,,34.04861486,-118.25883419
-118.273615190765,34.0291168522005,72733,Metropolitan Transportation Authority (MTA),,Transportation,Metro Stations,,,LATTC / Ortho Institute Station,,,,,,,,,,,3306147,EXPO Line,,,publish,34.02911685,-118.27361519,2023/04/04 16:19:54+00,,34.02911685,-118.27361519
-118.278130190197,34.0221278509199,72734,Metropolitan Transportation Authority (MTA),,Transportation,Metro Stations,,,Jefferson / USC Station,,,,,,,,,,,3306148,EXPO Line,,,publish,34.02212785,-118.27813019,2023/04/04 16:19:54+00,,34.02212785,-118.27813019
-118.285746191171,34.0182318500894,72735,Metropolitan Transportation Authority (MTA),,Transportation,Metro Stations,,,Expo Park / USC Station,,,,,,,,,,,3306149,EXPO Line,,,publish,34.01823185,-118.28574619,2023/04/04 16:19:54+00,,34.01823185,-118.28574619
-118.291552192706,34.0182498494968,72736,Metropolitan Transportation Authority (MTA),,Transportation,Metro Stations,,,Expo / Vermont Station,,,,,,,,,,,3306150,EXPO Line,,,publish,34.01824985,-118.29155219,2023/04/04 16:19:54+00,,34.01824985,-118.29155219
-118.308922195689,34.0183358482133,72737,Metropolitan Transportation Authority (MTA),,Transportation,Metro Stations,,,Expo / Western Station,,,,,,,,,,,3306151,EXPO Line,,,publish,34.01833585,-118.3089222,2023/04/04 16:19:54+00,,34.01833585,-118.3089222
-118.335090200182,34.0225308472394,72738,Metropolitan Transportation Authority (MTA),,Transportation,Metro Stations,,,Expo / Crenshaw Station,,,,,,,,,,,3306152,EXPO Line,,,publish,34.02253085,-118.3350902,2023/04/04 16:19:54+00,,34.02253085,-118.3350902
-118.346107202068,34.0239858472363,72739,Metropolitan Transportation Authority (MTA),,Transportation,Metro Stations,,,Farmdale Station,,,,,,,,,,,3306153,EXPO Line,,,publish,34.02398585,-118.3461072,2023/04/04 16:19:54+00,,34.02398585,-118.3461072
-118.355171204025,34.0248078466298,72740,Metropolitan Transportation Authority (MTA),,Transportation,Metro Stations,,,Expo / La Brea Station,,,,,,,,,,,3306154,EXPO Line,,,publish,34.02480785,-118.3551712,2023/04/04 16:19:54+00,,34.02480785,-118.3551712
-118.372132206667,34.0263598455584,72741,Metropolitan Transportation Authority (MTA),,Transportation,Metro Stations,,,La Cienega / Jefferson Station,,,,,,,,,,,3306155,EXPO Line,,,publish,34.02635985,-118.37213221,2023/04/04 16:19:54+00,,34.02635985,-118.37213221
-118.3889982091,34.0279008455039,72742,Metropolitan Transportation Authority (MTA),,Transportation,Metro Stations,,,Culver City Station,,,,,,,,,,,3306156,EXPO Line,,,publish,34.02790085,-118.38899821,2023/04/04 16:19:54+00,,34.02790085,-118.38899821
-118.189374155108,33.7687448277177,72743,Metropolitan Transportation Authority (MTA),,Transportation,Metro Stations,,,1st Street Station,,,,,,,,,,,3306157,Blue Line,,,publish,33.76874483,-118.18937416,2023/04/04 16:19:54+00,,33.76874483,-118.18937416
-118.189424155759,33.7736028278042,72744,Metropolitan Transportation Authority (MTA),,Transportation,Metro Stations,,,5th Street Station,,,,,,,,,,,3306158,Blue Line,,,publish,33.77360283,-118.18942416,2023/04/04 16:19:54+00,,33.77360283,-118.18942416
-118.376820218559,34.1685088608031,72745,Metropolitan Transportation Authority (MTA),,Transportation,Metro Stations,,,North Hollywood Station,,,,,,,,,,,3306159,Red Line,,,publish,34.16850886,-118.37682022,2023/04/04 16:19:54+00,,34.16850886,-118.37682022
-118.362711214257,34.1400068591735,72746,Metropolitan Transportation Authority (MTA),,Transportation,Metro Stations,,,Universal / Studio City Station,,,,,,,,,,,3306160,Red Line,,,publish,34.14000686,-118.36271121,2023/04/04 16:19:54+00,,34.14000686,-118.36271121
-118.338561207237,34.1015518557007,72747,Metropolitan Transportation Authority (MTA),,Transportation,Metro Stations,,,Hollywood / Highland Station,,,,,,,,,,,3306161,Red Line,,,publish,34.10155186,-118.33856121,2023/04/04 16:19:54+00,,34.10155186,-118.33856121
-118.325192204639,34.1016348564898,72748,Metropolitan Transportation Authority (MTA),,Transportation,Metro Stations,,,Hollywood / Vine Station,,,,,,,,,,,3306162,Red Line,,,publish,34.10163486,-118.3251922,2023/04/04 16:19:54+00,,34.10163486,-118.3251922
-118.308129201618,34.1017418574038,72749,Metropolitan Transportation Authority (MTA),,Transportation,Metro Stations,,,Hollywood / Western Station,,,,,,,,,,,3306163,Red Line,,,publish,34.10174186,-118.3081292,2023/04/04 16:19:54+00,,34.10174186,-118.3081292
-118.291768198764,34.097712858235,72750,Metropolitan Transportation Authority (MTA),,Transportation,Metro Stations,,,Vermont / Sunset Station,,,,,,,,,,,3306164,Red Line,,,publish,34.09771286,-118.2917682,2023/04/04 16:19:54+00,,34.09771286,-118.2917682
-118.291742198062,34.0899148578214,72751,Metropolitan Transportation Authority (MTA),,Transportation,Metro Stations,,,Vermont / Santa Monica Station,,,,,,,,,,,3306165,Red Line,,,publish,34.08991486,-118.2917422,2023/04/04 16:19:54+00,,34.08991486,-118.2917422
-118.291698197043,34.0765308562378,72752,Metropolitan Transportation Authority (MTA),,Transportation,Metro Stations,,,Vermont / Beverly Station,,,,,,,,,,,3306166,Red Line,,,publish,34.07653086,-118.2916982,2023/04/04 16:19:54+00,,34.07653086,-118.2916982
-118.290094196349,34.0627058546655,72753,Metropolitan Transportation Authority (MTA),,Transportation,Metro Stations,,,Wilshire / Vermont Station,,,,,,,,,,,3306167,Red/Purple Line,,,publish,34.06270585,-118.2900942,2023/04/04 16:19:54+00,,34.06270585,-118.2900942
-118.274891193131,34.0563728550221,72754,Metropolitan Transportation Authority (MTA),,Transportation,Metro Stations,,,Westlake / MacArthur Park Station,,,,,,,,,,,3306168,Red/Purple Line,,,publish,34.05637286,-118.27489119,2023/04/04 16:19:54+00,,34.05637286,-118.27489119
-118.258694189742,34.0486388544236,72755,Metropolitan Transportation Authority (MTA),,Transportation,Metro Stations,,,7th St / Metro Center Station,,,,,,,,,,,3306169,Red/Purple Line,,,publish,34.04863885,-118.25869419,2023/04/04 16:19:54+00,,34.04863885,-118.25869419
-118.251271187948,34.0493208553397,72756,Metropolitan Transportation Authority (MTA),,Transportation,Metro Stations,,,Pershing Square Station,,,,,,,,,,,3306170,Red/Purple Line,,,publish,34.04932086,-118.25127119,2023/04/04 16:19:54+00,,34.04932086,-118.25127119
-118.246069188197,34.0549048558836,72757,Metropolitan Transportation Authority (MTA),,Transportation,Metro Stations,,,Civic Center / Grand Park Station,,,,,,,,,,,3306171,Red/Purple Line,,,publish,34.05490486,-118.24606919,2023/04/04 16:19:54+00,,34.05490486,-118.24606919
-118.234261186393,34.0562018571813,72758,Metropolitan Transportation Authority (MTA),1054069001,Transportation,Metro Stations,,LA County,Union Station,800 N. Alameda St.,,Los Angeles,CA,"Monday through Thursday, 9:00a to 7:00pm; Friday, 9:00am to 5:30pm; first and fourth Saturday of the month, 9:00am to 3:00pm.",(800) USA-RAIL / Amtrak Service/Intake (800) 872-7245,,http://www.metrolinktrains.com/stations/detail.php?id=131,,,3306172,Red/Purple Line,90012,,publish,34.05620186,-118.23426119,2023/04/04 16:19:54+00,,34.05620186,-118.23426119
-118.301470197277,34.0617578538996,72759,Metropolitan Transportation Authority (MTA),,Transportation,Metro Stations,,,Wilshire / Normandie Station,,,,,,,,,,,3306173,Purple Line,,,publish,34.06175785,-118.3014702,2023/04/04 16:19:54+00,,34.06175785,-118.3014702
-118.308768199321,34.06169385345,72760,Metropolitan Transportation Authority (MTA),,Transportation,Metro Stations,,,Wilshire / Western Station,,,,,,,,,,,3306174,Purple Line,,,publish,34.06169385,-118.3087682,2023/04/04 16:19:54+00,,34.06169385,-118.3087682
-118.369208195241,33.8946448313875,72761,Metropolitan Transportation Authority (MTA),,Transportation,Metro Stations,,,Redondo Beach Station,,,,,,,,,,,3306175,Green Line,,,publish,33.89464483,-118.3692082,2023/04/04 16:19:54+00,,33.89464483,-118.3692082
-118.383125198819,33.9053038316672,72762,Metropolitan Transportation Authority (MTA),,Transportation,Metro Stations,,,Douglas Station,,,,,,,,,,,3306176,Green Line,,,publish,33.90530383,-118.3831252,2023/04/04 16:19:54+00,,33.90530383,-118.3831252
-118.38655119971,33.9160678331855,72763,HSIP Freedom Gnis_cultural_fe,241925,Transportation,Metro Stations,,US Geological Survey (USGS),El Segundo Station,,,,,,,,,,,3306177,Green Line,,,publish,33.91606783,-118.3865512,2023/04/04 16:19:54+00,,33.91606783,-118.3865512
-118.387584200661,33.9232048336901,72764,Metropolitan Transportation Authority (MTA),,Transportation,Metro Stations,,,Mariposa Station,,,,,,,,,,,3306178,Green Line,,,publish,33.92320483,-118.3875842,2023/04/04 16:19:54+00,,33.92320483,-118.3875842
-118.377146200117,33.9296258348026,72765,Metropolitan Transportation Authority (MTA),,Transportation,Metro Stations,,,Aviation / LAX Station,,,,,,,,,,,3306179,Green Line,,,publish,33.92962583,-118.3771462,2023/04/04 16:19:54+00,,33.92962583,-118.3771462
-118.351614196154,33.933412836597,72766,Metropolitan Transportation Authority (MTA),,Transportation,Metro Stations,,,Hawthorne / Lennox Station,,,,,,,,,,,3306180,Green Line,,,publish,33.93341284,-118.3516142,2023/04/04 16:19:54+00,,33.93341284,-118.3516142
-118.326562191281,33.9252058371424,72767,Metropolitan Transportation Authority (MTA),,Transportation,Metro Stations,,,Crenshaw Station,,,,,,,,,,,3306181,Green Line,,,publish,33.92520584,-118.32656219,2023/04/04 16:19:54+00,,33.92520584,-118.32656219
-118.291745184805,33.9286878395268,72768,Metropolitan Transportation Authority (MTA),,Transportation,Metro Stations,,,Vermont / Athens Station,,,,,,,,,,,3306182,Green Line,,,publish,33.92868784,-118.29174518,2023/04/04 16:19:54+00,,33.92868784,-118.29174518
-118.281112183439,33.928718840657,72769,Metropolitan Transportation Authority (MTA),,Transportation,Metro Stations,,,Harbor Freeway Station,,,,,,,,,,,3306183,Green Line,,,publish,33.92871884,-118.28111218,2023/04/04 16:19:54+00,,33.92871884,-118.28111218
-118.265229180491,33.9274698408944,72770,Metropolitan Transportation Authority (MTA),,Transportation,Metro Stations,,,Avalon Station,,,,,,,,,,,3306184,Green Line,,,publish,33.92746984,-118.26522918,2023/04/04 16:19:54+00,,33.92746984,-118.26522918
-118.238064176176,33.9282628423739,72771,Metropolitan Transportation Authority (MTA),,Transportation,Metro Stations,,,Willowbrook - Rosa Parks Station,,,,,,,,,,,3306185,Green Line,,,publish,33.92826284,-118.23806418,2023/04/04 16:19:54+00,,33.92826284,-118.23806418
-118.209957171301,33.9248848436088,72772,Metropolitan Transportation Authority (MTA),,Transportation,Metro Stations,,,Long Beach Blvd Station,,,,,,,,,,,3306186,Green Line,,,publish,33.92488484,-118.20995717,2023/04/04 16:19:54+00,,33.92488484,-118.20995717
-118.140612158386,33.9130748464311,72773,Metropolitan Transportation Authority (MTA),,Transportation,Metro Stations,,,Lakewood Blvd Station,,,,,,,,,,,3306187,Green Line,,,publish,33.91307485,-118.14061216,2023/04/04 16:19:54+00,,33.91307485,-118.14061216
-118.104729152776,33.9140378485951,72774,Metropolitan Transportation Authority (MTA),,Transportation,Metro Stations,,,Norwalk Station,,,,,,,,,,,3306188,Green Line,,,publish,33.91403785,-118.10472915,2023/04/04 16:19:54+00,,33.91403785,-118.10472915
-118.15448117074,34.0334028587586,72775,Metropolitan Transportation Authority (MTA),,Transportation,Metro Stations,,,Atlantic Station,,,,,,,,,,,3306189,Gold Line,,,publish,34.03340286,-118.15448117,2023/04/04 16:19:54+00,,34.03340286,-118.15448117
-118.161218171994,34.0333688586986,72776,Metropolitan Transportation Authority (MTA),,Transportation,Metro Stations,,,East LA Civic Center Station,,,,,,,,,,,3306190,Gold Line,,,publish,34.03336886,-118.16121817,2023/04/04 16:19:54+00,,34.03336886,-118.16121817
-118.168152172782,34.0333238580626,72777,Metropolitan Transportation Authority (MTA),,Transportation,Metro Stations,,,Maravilla Station,,,,,,,,,,,3306191,Gold Line,,,publish,34.03332386,-118.16815217,2023/04/04 16:19:54+00,,34.03332386,-118.16815217
-118.192194177602,34.0343048568005,72778,Metropolitan Transportation Authority (MTA),,Transportation,Metro Stations,,,Indiana Station,,,,,,,,,,,3306192,Gold Line,,,publish,34.03430486,-118.19219418,2023/04/04 16:19:54+00,,34.03430486,-118.19219418
-118.210073180671,34.0437518570682,72779,Metropolitan Transportation Authority (MTA),,Transportation,Metro Stations,,,Soto Station,,,,,,,,,,,3306193,Gold Line,,,publish,34.04375186,-118.21007318,2023/04/04 16:19:54+00,,34.04375186,-118.21007318
-118.219660183139,34.0472198564373,72780,Metropolitan Transportation Authority (MTA),,Transportation,Metro Stations,,,Mariachi Plaza / Boyle Heights Station,,,,,,,,,,,3306194,Gold Line,,,publish,34.04721986,-118.21966018,2023/04/04 16:19:54+00,,34.04721986,-118.21966018
-118.225952183786,34.0476388563788,72781,Metropolitan Transportation Authority (MTA),,Transportation,Metro Stations,,,Pico / Aliso Station,,,,,,,,,,,3306195,Gold Line,,,publish,34.04763886,-118.22595218,2023/04/04 16:19:54+00,,34.04763886,-118.22595218
-118.237913185784,34.0501048564384,72782,Metropolitan Transportation Authority (MTA),,Transportation,Metro Stations,,,Little Tokyo / Arts District Station,,,,,,,,,,,3306196,Gold Line,,,publish,34.05010486,-118.23791319,2023/04/04 16:19:54+00,,34.05010486,-118.23791319
-118.234771185755,34.0560658573158,72783,Metropolitan Transportation Authority (MTA),1054069001,Transportation,Metro Stations,,LA County,Union Station,800 N. Alameda St.,,Los Angeles,CA,"Monday through Thursday, 9:00a to 7:00pm; Friday, 9:00am to 5:30pm; first and fourth Saturday of the month, 9:00am to 3:00pm.",(800) USA-RAIL / Amtrak Service/Intake (800) 872-7245,,http://www.metrolinktrains.com/stations/detail.php?id=131,,,3306197,Gold Line,90012,,publish,34.05606586,-118.23477119,2023/04/04 16:19:54+00,,34.05606586,-118.23477119
-118.23585218709,34.0638658580552,72784,Metropolitan Transportation Authority (MTA),,Transportation,Metro Stations,,,Chinatown Station,,,,,,,,,,,3306198,Gold Line,,,publish,34.06386586,-118.23585219,2023/04/04 16:19:54+00,,34.06386586,-118.23585219
-118.220441185669,34.0809538605959,72785,Metropolitan Transportation Authority (MTA),,Transportation,Metro Stations,,,Lincoln Heights / Cypress Park Station,,,,,,,,,,,3306199,Gold Line,,,publish,34.08095386,-118.22044119,2023/04/04 16:19:54+00,,34.08095386,-118.22044119
-118.213225185139,34.0872318616703,72786,Metropolitan Transportation Authority (MTA),,Transportation,Metro Stations,,,Heritage Square / Arroyo Station,,,,,,,,,,,3306200,Gold Line,,,publish,34.08723186,-118.21322519,2023/04/04 16:19:54+00,,34.08723186,-118.21322519
-118.206724185288,34.0982478635543,72787,Metropolitan Transportation Authority (MTA),,Transportation,Metro Stations,,,Southwest Museum Station,,,,,,,,,,,3306201,Gold Line,,,publish,34.09824786,-118.20672419,2023/04/04 16:19:54+00,,34.09824786,-118.20672419
-118.192618183484,34.1111838655515,72788,Metropolitan Transportation Authority (MTA),,Transportation,Metro Stations,,,Highland Park Station,,,,,,,,,,,3306202,Gold Line,,,publish,34.11118387,-118.19261818,2023/04/04 16:19:54+00,,34.11118387,-118.19261818
-118.157898177749,34.1151908680954,72789,Metropolitan Transportation Authority (MTA),,Transportation,Metro Stations,,,South Pasadena Station,,,,,,,,,,,3306203,Gold Line,,,publish,34.11519087,-118.15789818,2023/04/04 16:19:54+00,,34.11519087,-118.15789818
-118.148138177369,34.13352587031,72790,Metropolitan Transportation Authority (MTA),,Transportation,Metro Stations,,,Fillmore Station,,,,,,,,,,,3306204,Gold Line,,,publish,34.13352587,-118.14813818,2023/04/04 16:19:54+00,,34.13352587,-118.14813818
-118.148226178473,34.141914871099,72791,Metropolitan Transportation Authority (MTA),,Transportation,Metro Stations,,,Del Mar Station,,,,,,,,,,,3306205,Gold Line,,,publish,34.14191487,-118.14822618,2023/04/04 16:19:54+00,,34.14191487,-118.14822618
-118.147524178804,34.1483608725162,72792,Metropolitan Transportation Authority (MTA),,Transportation,Metro Stations,,,Memorial Park Station,,,,,,,,,,,3306206,Gold Line,,,publish,34.14836087,-118.14752418,2023/04/04 16:19:54+00,,34.14836087,-118.14752418
-118.131402176505,34.1518108731421,72793,Metropolitan Transportation Authority (MTA),,Transportation,Metro Stations,,,Lake Station,,,,,,,,,,,3306207,Gold Line,,,publish,34.15181087,-118.13140218,2023/04/04 16:19:54+00,,34.15181087,-118.13140218
-118.114360173459,34.1524218745397,72794,Metropolitan Transportation Authority (MTA),,Transportation,Metro Stations,,,Allen Station,,,,,,,,,,,3306208,Gold Line,,,publish,34.15242187,-118.11436017,2023/04/04 16:19:54+00,,34.15242187,-118.11436017
-118.08122416773,34.1477568759349,72795,Metropolitan Transportation Authority (MTA),,Transportation,Metro Stations,,,Sierra Madre Villa Station,,,,,,,,,,,3306209,Gold Line,,,publish,34.14775688,-118.08122417,2023/04/04 16:19:54+00,,34.14775688,-118.08122417
-118.404267212718,34.0293278439663,72796,Metropolitan Transportation Authority (MTA),,Transportation,Metro Stations,,,Palms Station,,,,,,,,,,,3306210,EXPO Line,,,publish,34.02932784,-118.40426721,2023/04/04 16:19:54+00,,34.02932784,-118.40426721
-118.42458821667,34.0368208444895,72797,Metropolitan Transportation Authority (MTA),,Transportation,Metro Stations,,,Westwood / Rancho Park Station,,,,,,,,,,,3306211,EXPO Line,,,publish,34.03682084,-118.42458822,2023/04/04 16:19:54+00,,34.03682084,-118.42458822
-118.434246217785,34.0354128435193,72798,Metropolitan Transportation Authority (MTA),,Transportation,Metro Stations,,,Expo / Sepulveda Station,,,,,,,,,,,3306212,EXPO Line,,,publish,34.03541284,-118.43424622,2023/04/04 16:19:54+00,,34.03541284,-118.43424622
-118.452908220233,34.0317098422404,72799,Metropolitan Transportation Authority (MTA),,Transportation,Metro Stations,,,Expo / Bundy Station,,,,,,,,,,,3306213,EXPO Line,,,publish,34.03170984,-118.45290822,2023/04/04 16:19:54+00,,34.03170984,-118.45290822
-118.469132223043,34.0279998405932,72800,Metropolitan Transportation Authority (MTA),,Transportation,Metro Stations,,,26th St / Bergamot Station,,,,,,,,,,,3306214,EXPO Line,,,publish,34.02799984,-118.46913222,2023/04/04 16:19:54+00,,34.02799984,-118.46913222
-118.480384224688,34.0231598395121,72801,Metropolitan Transportation Authority (MTA),,Transportation,Metro Stations,,,17th St / SMC Station,,,,,,,,,,,3306215,EXPO Line,,,publish,34.02315984,-118.48038422,2023/04/04 16:19:54+00,,34.02315984,-118.48038422
-118.491396225458,34.0140148375814,72802,Metropolitan Transportation Authority (MTA),,Transportation,Metro Stations,,,Downtown Santa Monica Station,,,,,,,,,,,3306216,EXPO Line,,,publish,34.01401484,-118.49139623,2023/04/04 16:19:54+00,,34.01401484,-118.49139623
-118.029211158224,34.1428648780028,72803,Metropolitan Transportation Authority (MTA),,Transportation,Metro Stations,,,Arcadia Station,,,,,,,,,,,3306217,Gold Line,,,publish,34.14286488,-118.02921116,2023/04/04 16:19:54+00,,34.14286488,-118.02921116
-118.003485153582,34.1331598786745,72804,Metropolitan Transportation Authority (MTA),,Transportation,Metro Stations,,,Monrovia Station,,,,,,,,,,,3306218,Gold Line,,,publish,34.13315988,-118.00348515,2023/04/04 16:19:54+00,,34.13315988,-118.00348515
-117.967692146773,34.1325228808644,72805,Metropolitan Transportation Authority (MTA),,Transportation,Metro Stations,,,Duarte / City of Hope Station,,,,,,,,,,,3306219,Gold Line,,,publish,34.13252288,-117.96769215,2023/04/04 16:19:54+00,,34.13252288,-117.96769215
-117.932518141362,34.1290528820268,72806,Metropolitan Transportation Authority (MTA),,Transportation,Metro Stations,,,Irwindale Station,,,,,,,,,,,3306220,Gold Line,,,publish,34.12905288,-117.93251814,2023/04/04 16:19:54+00,,34.12905288,-117.93251814
-117.906643137042,34.1358678843088,72807,Metropolitan Transportation Authority (MTA),,Transportation,Metro Stations,,,Azusa Downtown Station,,,,,,,,,,,3306221,Gold Line,,,publish,34.13586788,-117.90664314,2023/04/04 16:19:54+00,,34.13586788,-117.90664314
-117.891648134703,34.136818885547,72808,Metropolitan Transportation Authority (MTA),,Transportation,Metro Stations,,,APU / Citrus College Station,,,,,,,,,,,3306222,Gold Line,,,publish,34.13681889,-117.89164813,2023/04/04 16:19:54+00,,34.13681889,-117.89164813
-118.601412257306,34.1815448509308,72809,Metropolitan Transportation Authority (MTA),,Transportation,Metro Stations,,Metropolitan Transit Authority (MTA),Warner Center Metro Station,6101 1/2 Owensmouth Ave,,Canoga Park,CA,"6:30am - 7pm (Monday - Friday)    
8:00am - 4:30pm (Saturday/Sunday)",323.GO.METRO (323.466.3876),,http://www.metro.net/around/rail/orange-line/,,,3306223,Orange Line,91367,,publish,34.18154485,-118.60141226,2023/04/04 16:19:54+00,,34.18154485,-118.60141226
-118.596892257046,34.1905648521094,72810,Metropolitan Transportation Authority (MTA),,Transportation,Metro Stations,,,Canoga Metro Station East-West,,,,,,,,,,,3306224,Orange Line,,,publish,34.19056485,-118.59689226,2023/04/04 16:19:54+00,,34.19056485,-118.59689226
-118.588702256552,34.1887148517463,72811,Metropolitan Transportation Authority (MTA),,Transportation,Metro Stations,,Metropolitan Transit Authority (MTA),De Soto Metro Station,20901 Victory Blvd,,Woodland Hills,CA,"6:30am - 7pm (Monday - Friday)    
8:00am - 4:30pm (Saturday/Sunday)",323.GO.METRO (323.466.3876),,http://www.metro.net/around/rail/orange-line/,,,3306225,Orange Line,91367,,publish,34.18871485,-118.58870226,2023/04/04 16:19:54+00,,34.18871485,-118.58870226
-118.570562253399,34.1869648526227,72812,Metropolitan Transportation Authority (MTA),,Transportation,Metro Stations,,Metropolitan Transit Authority (MTA),Pierce College Metro Station,6425 Winnetka Ave,,Woodland Hills,CA,"6:30am - 7pm (Monday - Friday)    
8:00am - 4:30pm (Saturday/Sunday)",323.GO.METRO (323.466.3876),,http://www.metro.net/around/rail/orange-line/,,,3306226,Orange Line,91367,,publish,34.18696485,-118.57056225,2023/04/04 16:19:54+00,,34.18696485,-118.57056225
-118.553092249984,34.1810548531163,72813,Metropolitan Transportation Authority (MTA),,Transportation,Metro Stations,,Metropolitan Transit Authority (MTA),Tampa Metro Station,6101 Tampa Ave,,Tarzana,CA,"6:30am - 7pm (Monday - Friday)    
8:00am - 4:30pm (Saturday/Sunday)",323.GO.METRO (323.466.3876),,http://www.metro.net/around/rail/orange-line/,,,3306227,Orange Line,91335,,publish,34.18105485,-118.55309225,2023/04/04 16:19:54+00,,34.18105485,-118.55309225
-118.536502246977,34.1804548538534,72814,Metropolitan Transportation Authority (MTA),,Transportation,Metro Stations,,Metropolitan Transit Authority (MTA),Reseda Metro Station,6065 N. Reseda Blvd,,Tarzana,CA,"6:30am - 7pm (Monday - Friday)    
8:00am - 4:30pm (Saturday/Sunday)",323.GO.METRO (323.466.3876),,http://www.metro.net/around/rail/orange-line/,,,3306228,Orange Line,91335,,publish,34.18045485,-118.53650225,2023/04/04 16:19:54+00,,34.18045485,-118.53650225
-118.500582240698,34.1860048566421,72815,Metropolitan Transportation Authority (MTA),,Transportation,Metro Stations,,Metropolitan Transit Authority (MTA),Balboa Metro Station,Balboa Blvd & Victory Blvd,,Encino,CA,"6:30am - 7pm (Monday - Friday)    
8:00am - 4:30pm (Saturday/Sunday)",323.GO.METRO (323.466.3876),,http://www.metro.net/around/rail/orange-line/,,,3306229,Orange Line,91316,,publish,34.18600486,-118.50058224,2023/04/04 16:19:54+00,,34.18600486,-118.50058224
-118.484152238581,34.1863148583654,72816,Metropolitan Transportation Authority (MTA),,Transportation,Metro Stations,,Metropolitan Transit Authority (MTA),Woodley Metro Station,6381 N. Woodley Ave.,,Van Nuys,CA,"6:30am - 7pm (Monday - Friday)    
8:00am - 4:30pm (Saturday/Sunday)",323.GO.METRO (323.466.3876),,http://www.metro.net/around/rail/orange-line/,,,3306230,Orange Line,91406,,publish,34.18631486,-118.48415224,2023/04/04 16:19:54+00,,34.18631486,-118.48415224
-118.468762235184,34.1808548578357,72817,Metropolitan Transportation Authority (MTA),,Transportation,Metro Stations,,Metropolitan Transit Authority (MTA),Sepulveda Metro Station,15430 W. Erwin St,,Van Nuys,CA,"6:30am - 7pm (Monday - Friday)    
8:00am - 4:30pm (Saturday/Sunday)",323.GO.METRO (323.466.3876),,http://www.metro.net/around/rail/orange-line/,,,3306231,Orange Line,91411,,publish,34.18085486,-118.46876224,2023/04/04 16:19:54+00,,34.18085486,-118.46876224
-118.448152231664,34.1804648594455,72818,Metropolitan Transportation Authority (MTA),,Transportation,Metro Stations,,Metropolitan Transit Authority (MTA),Van Nuys Metro Station,6060 Van Nuys Blvd,,Van Nuys,CA,"6:30am - 7pm (Monday - Friday)    
8:00am - 4:30pm (Saturday/Sunday)",323.GO.METRO (323.466.3876),,http://www.metro.net/around/rail/orange-line/,,,3306232,Orange Line,91411,,publish,34.18046486,-118.44815223,2023/04/04 16:19:54+00,,34.18046486,-118.44815223
-118.429712228586,34.1789948606365,72819,Metropolitan Transportation Authority (MTA),,Transportation,Metro Stations,,Metropolitan Transit Authority (MTA),Woodman Metro Station,13622 W. Oxnard St,,Sherman Oaks,CA,"6:30am - 7pm (Monday - Friday)    
8:00am - 4:30pm (Saturday/Sunday)","323.GO.METRO (323.466.3876)
",,http://www.metro.net/around/rail/orange-line/,,,3306233,Orange Line,91401,,publish,34.17899486,-118.42971223,2023/04/04 16:19:54+00,,34.17899486,-118.42971223
-118.422092227003,34.171764859632,72820,Metropolitan Transportation Authority (MTA),,Transportation,Metro Stations,,Metropolitan Transit Authority (MTA),Valley College Metro Station,13240 W. Burbank Blvd.,,Sherman Oaks,CA,"Bus & Rail Transit Information: 323.GO.METRO (323.466.3876)
6:30am - 7pm (Monday - Friday)    
8:00am - 4:30pm (Saturday/Sunday)",,,http://www.metro.net/around/rail/orange-line/,,,3306234,Orange Line,91401,,publish,34.17176486,-118.42209223,2023/04/04 16:19:54+00,,34.17176486,-118.42209223
-118.377532219612,34.1688148620384,72821,Metropolitan Transportation Authority (MTA),80000043,Transportation,Metro Stations,,Metropolitan Transit Authority (MTA),North Hollywood Metro Station,Lankershim Blvd & Chandler Blvd,,North Hollywood,CA,,,,http://www.metro.net/around/rail/red-line/,,,3306235,Orange Line,91601,,publish,34.16881486,-118.37753222,2023/04/04 16:19:54+00,,34.16881486,-118.37753222
-118.397052222593,34.1685648606526,72822,Metropolitan Transportation Authority (MTA),,Transportation,Metro Stations,,Metropolitan Transit Authority (MTA),Laurel Canyon Metro Station,5371 Laurel Canyon Blvd,,North Hollywood,CA,"6:30am - 7pm (Monday - Friday)    
8:00am - 4:30pm (Saturday/Sunday)",323.GO.METRO (323.466.3876),,http://www.metro.net/around/rail/orange-line/,,,3306236,Orange Line,91607,,publish,34.16856486,-118.39705222,2023/04/04 16:19:54+00,,34.16856486,-118.39705222
-118.596445472053,34.1913602943893,72823,Metropolitan Transportation Authority (MTA),,Transportation,Metro Stations,,,Canoga Metro Station North-South,,,,,,,,,,,3306237,Orange Line,,,publish,34.19136029,-118.59644547,2023/04/04 16:19:54+00,,34.19136029,-118.59644547
-118.597148643704,34.200507793227,72824,Metropolitan Transportation Authority (MTA),,Transportation,Metro Stations,,,Sherman Way Metro Station,,,,,,,,,,,3306238,Orange Line,,,publish,34.20050779,-118.59714864,2023/04/04 16:19:54+00,,34.20050779,-118.59714864
-118.597048479963,34.2193754084198,72825,Metropolitan Transportation Authority (MTA),,Transportation,Metro Stations,,,Roscoe Metro Station South Bound,,,,,,,,,,,3306239,Orange Line,,,publish,34.21937541,-118.59704848,2023/04/04 16:19:54+00,,34.21937541,-118.59704848
-118.597032756978,34.2204715305443,72826,Metropolitan Transportation Authority (MTA),,Transportation,Metro Stations,,,Roscoe Metro Station North Bound,,,,,,,,,,,3306240,Orange Line,,,publish,34.22047153,-118.59703276,2023/04/04 16:19:54+00,,34.22047153,-118.59703276
-118.597193086755,34.2349856286805,72827,Metropolitan Transportation Authority (MTA),,Transportation,Metro Stations,,,Nordhoff Metro Station South Bound,,,,,,,,,,,3306241,Orange Line,,,publish,34.23498563,-118.59719309,2023/04/04 16:19:54+00,,34.23498563,-118.59719309
-118.597192739614,34.2359213113571,72828,Metropolitan Transportation Authority (MTA),,Transportation,Metro Stations,,,Nordhoff Metro Station North Bound,,,,,,,,,,,3306242,Orange Line,,,publish,34.23592131,-118.59719274,2023/04/04 16:19:54+00,,34.23592131,-118.59719274
-118.599379720295,34.2521972000293,72829,Metropolitan Transportation Authority (MTA),,Transportation,Metro Stations,,,Chatsworth Metro Station,,,,,,,,,,,3306243,Orange Line,,,publish,34.2521972,-118.59937972,2023/04/04 16:19:54+00,,34.2521972,-118.59937972
-118.335090153244,34.0224531372052,72830,Metropolitan Transportation Authority (MTA),,Transportation,Metro Stations,,,Expo/Crenshaw Station,,,,,,,,,,,3306244,K Line,,,publish,34.02245314,-118.33509015,2023/04/04 16:19:54+00,,34.02245314,-118.33509015
-118.335347018873,34.010166559248,72831,Metropolitan Transportation Authority (MTA),,Transportation,Metro Stations,,,Martin Luther King Jr Station,,,,,,,,,,,3306245,K Line,,,publish,34.01016656,-118.33534702,2023/04/04 16:19:54+00,,34.01016656,-118.33534702
-118.332664626825,34.0045815195765,72832,Metropolitan Transportation Authority (MTA),,Transportation,Metro Stations,,,Leimert Park Station,,,,,,,,,,,3306246,K Line,,,publish,34.00458152,-118.33266463,2023/04/04 16:19:54+00,,34.00458152,-118.33266463
-118.330835684562,33.9882897470301,72833,Metropolitan Transportation Authority (MTA),,Transportation,Metro Stations,,,Hyde Park Station,,,,,,,,,,,3306247,K Line,,,publish,33.98828975,-118.33083568,2023/04/04 16:19:54+00,,33.98828975,-118.33083568
-118.336030177614,33.9752842866039,72834,Metropolitan Transportation Authority (MTA),,Transportation,Metro Stations,,,Fairview Heights Station,,,,,,,,,,,3306248,K Line,,,publish,33.97528429,-118.33603018,2023/04/04 16:19:54+00,,33.97528429,-118.33603018
-118.351392737442,33.9672991679667,72835,Metropolitan Transportation Authority (MTA),,Transportation,Metro Stations,,,Downtown Inglewood Station,,,,,,,,,,,3306249,K Line,,,publish,33.96729917,-118.35139274,2023/04/04 16:19:54+00,,33.96729917,-118.35139274
-118.37445528517,33.9620208114238,72836,Metropolitan Transportation Authority (MTA),,Transportation,Metro Stations,,,Westchester/Veterans Station,,,,,,,,,,,3306250,K Line,,,publish,33.96202081,-118.37445529,2023/04/04 16:19:54+00,,33.96202081,-118.37445529
-118.378662967512,33.9496254662632,72837,Metropolitan Transportation Authority (MTA),,Transportation,Metro Stations,,,LAX/Metro Transit Center Station,,,,,,,,,,,3306251,K Line,,,publish,33.94962547,-118.37866297,2023/04/04 16:19:54+00,,33.94962547,-118.37866297
-118.378702670477,33.9456780457619,72838,Metropolitan Transportation Authority (MTA),,Transportation,Metro Stations,,,Aviation/Century Station,,,,,,,,,,,3306252,K Line,,,publish,33.94567805,-118.37870267,2023/04/04 16:19:54+00,,33.94567805,-118.37870267
-118.377270787403,33.9296348371809,72839,Metropolitan Transportation Authority (MTA),,Transportation,Metro Stations,,,Aviation/LAX Station,,,,,,,,,,,3306253,K Line,,,publish,33.92963484,-118.37727079,2023/04/04 16:19:54+00,,33.92963484,-118.37727079
-118.251208199931,34.0547505941754,72840,Metropolitan Transportation Authority (MTA),,Transportation,Metro Stations,,,Grand Av Arts/Bunker Hill,,,,,,,,,,,3306254,Regional Connector,,,publish,34.05475059,-118.2512082,2023/04/04 16:19:54+00,,34.05475059,-118.2512082
-118.246166421087,34.0520389324342,72841,Metropolitan Transportation Authority (MTA),,Transportation,Metro Stations,,,Historic Broadway,,,,,,,,,,,3306255,Regional Connector,,,publish,34.05203893,-118.24616642,2023/04/04 16:19:54+00,,34.05203893,-118.24616642
-118.238786937165,34.0488421829257,72842,Metropolitan Transportation Authority (MTA),,Transportation,Metro Stations,,,Little Tokyo/Arts District,,,,,,,,,,,3306256,Regional Connector,,,publish,34.04884218,-118.23878694,2023/04/04 16:19:54+00,,34.04884218,-118.23878694
